2026/08/16 6:50:24 PM GMT+8,Industry professional,China,Less than 1 year,C / C++,Yes,Male,Very important,,Very important,,Very important,,Very important,,,
2026/08/16 7:11:24 PM GMT+8,Academic researcher,America/alaska,More than 5 years,C / C++;Python;rust,Yes,Male,Neutral,NULL,Very important,clear,Very important,result,Neutral,Solution,难度,无
2026/08/17 4:12:59 PM GMT+8,Industry professional,Bulgaria,More than 5 years,C / C++;Java;Python;Go;C#;PHP,Yes,Male,Very important,,Very important,,Somewhat important,,Very important,"tests - e2e, integration, unit",,
2026/08/17 5:03:27 PM GMT+8,Undergraduate or graduate student,China,1-3 years,C / C++;Java;Python,Yes,Male,Very important,,Very important,,Somewhat important,,Somewhat important,,,
2026/08/17 10:33:01 PM GMT+8,Industry professional,Russia,3-5 years,C / C++;Python;Rust;bash,Yes,Male,Very important,,Somewhat important,A reason should make patch understanding easier then without it.,Neutral,Better choice is a short impact comment with unit test to cover issue.,Neutral,,,
2026/08/17 11:41:17 PM GMT+8,Industry professional,United States,More than 5 years,C / C++;Python;Go;Rust,Yes,Male,Very important,,Very important,,Very important,,Somewhat important,,,
2026/08/18 1:00:28 AM GMT+8,Industry professional,France,More than 5 years,Go,Yes,Male,Very important,clarity and lack of ambiguity,Somewhat important,,Very important,,Neutral,,,
2026/08/18 4:38:15 AM GMT+8,Industry professional,Germany ,3-5 years,C / C++;Python;Go;Rust,Yes,Male,Very important,Most concrete line of code that can cause the issue with a clear reference to it (e.g. line number). Clearly stating what is the malicious effect from this.,Somewhat important,Again being precise about the location and effect + linking to valid properties of the code that are being violated. Be as specific about the properties as possible ,Somewhat important,"Specifically talk about what kind of problem this can be causing. E.g. stating what properties the attacker could gain with that violation (DoS, arbitrary read/write, infoleak, etc)",Somewhat important,Have a correct code snippet attached! ,,
2026/08/18 10:01:53 AM GMT+8,Industry professional,Russian Federation,More than 5 years,"Java;Python;Go;Rust;Typescript, Kotlin",Yes,Male,Very important,"I would evaluate whether the comment clearly identifies the specific code, operation, or data flow that creates the security issue, together with the condition under which the issue occurs. A strong identification should point to the relevant expression or control path, identify the untrusted input or trust boundary involved, and be precise enough for the author to locate and understand the problem without guessing. It should also distinguish a confirmed issue from a possible concern and avoid vague or overstated claims.",Very important,"I would assess whether the comment explains the causal mechanism that makes the code unsafe, rather than merely labeling it as vulnerable. It should connect the relevant operation, data or control flow, or state transition to the failure condition; state important assumptions such as attacker-controlled input, concurrency, privileges, or object lifetime; and be technically accurate and proportionate to the available evidence. The explanation should help the author verify the issue and distinguish the root cause from its consequences and proposed fix.",Neutral,"I would evaluate whether the comment describes a plausible consequence for a concrete asset or security property, such as confidentiality, integrity, availability, authentication, or authorization. It should explain who or what can trigger the issue, the required conditions or privileges, the affected scope, and whether the consequence is local or systemic. A strong impact statement is specific and evidence-based, avoids generic security risk wording, and does not overstate exploitability or severity.",Very important,"I would assess whether the guidance is actionable, addresses the root cause rather than only suppressing the symptom, and fits the surrounding code and project conventions. It should make clear what invariant or safe behavior the fix must establish, mention important compatibility or failure-handling constraints, and suggest an appropriate verification or regression test when useful. Exact replacement code is helpful but not required; when multiple safe solutions exist, the comment should avoid presenting an unverified implementation as the only correct one.","Yes. I would add evidence, confidence, scope, and verifiability. A high-quality SCRC should distinguish a confirmed defect from a hypothesis, cite the relevant code path, specification, or test when useful, define the affected scope, and communicate uncertainty proportionately. It should also be respectful and concise, and give the author a practical way to demonstrate that the issue has been fixed.","The four attributes are useful, but they should not be treated as mandatory independent sections in every comment. An inline comment can be high quality when the line context already provides identification or a linked test or specification supplies evidence. Evaluation should account for context, avoid rewarding verbosity, and distinguish technical security correctness from comment length."
2026/08/18 10:48:32 AM GMT+8,Undergraduate or graduate student,China,More than 5 years,Python;Go;Rust,Yes,Male,Very important,"I believe the specific criteria for evaluating the quality of Identification include the following points: the problem should be clearly located, the problem description should be specific, the reproduction steps should be clearly provided, and the root cause of the issue should be clearly distinguished from its symptoms. For example, the comment should not merely describe surface-level phenomena (e.g., ""the program crashed""), but should point to the underlying cause (e.g., ""user input is not validated here, leading to an array out-of-bounds error""). In addition, the comment should, where possible, refer to the specific relevant code or provide sufficient context.",Somewhat important,"it should include the following: whether the comment explains the root cause of the issue, whether the explanation has clear causal logic, whether it specifies the trigger conditions under which the issue occurs, and whether it distinguishes between the direct cause and the underlying root cause.",Somewhat important,"It should describe the danger level of the issue, specify the security consequences, explain the difficulty of exploitation, and clarify the scope of impact, among other factors.",Neutral,"providing some general suggestions is sufficient. If capable reviewers can offer feedback that includes concrete and actionable guidance, clearly describes the applicable scenarios and limitations, and considers the trade-offs and costs of the fix, along with a correct and complete solution, then that would be ideal. Otherwise, I think the responsibility of finding the actual solution should lie more with the repository maintainers.",2 b frank idk,"Overall, I think the IRIS framework provides a relatively comprehensive summary of the core dimensions of security code review comments and can be effectively used to evaluate and guide their quality. However, I believe that the effectiveness of a review comment depends not only on its content but also on the team's internal communication atmosphere and trust relationships, which are aspects that the IRIS framework cannot quantify."
2026/08/18 1:26:39 PM GMT+8,other,China,3-5 years,C / C++;Python,Yes,Male,Very important,,Somewhat important,,Very important,,Neutral,,,
2026/08/18 3:39:40 PM GMT+8,Industry professional,Poland,More than 5 years,C / C++;Python;Go,Yes,Male,Very important,Exact expression + attack type (CWE).,Very important,Clear and concise justification for the claimed CWE.,Somewhat important,Privileges required (to exploit) vs privileges acquired (by exploiting).,Somewhat unimportant,Addressing root cause is preferred over hiding symptoms.,A way to test the identified issue would be nice.,
2026/08/18 4:38:34 PM GMT+8,Industry professional,Pakistan,3-5 years,Python,Yes,Male,Very important,"A high-quality security code review comment should clearly identify the vulnerable or risky code, the exact operation or condition involved, and the circumstances under which the issue can occur. The comment should be specific enough that the developer can quickly locate and understand the security concern without ambiguity.",Very important,"The reason should clearly explain why the code is insecure or problematic, including the underlying technical cause, relevant assumptions, and the conditions required to trigger the issue. A strong explanation should help the developer understand the security mechanism involved rather than simply stating that the code is vulnerable.",Very important,"The impact should describe the realistic security consequences if the issue is exploited or triggered. It should explain what an attacker could potentially achieve, such as unauthorized access, data exposure, denial of service, privilege escalation, or integrity loss, while avoiding exaggerated or unsupported claims.",Very important,"A high-quality solution should provide clear, technically correct, and actionable remediation guidance. Where appropriate, it should suggest a safer implementation pattern, validation mechanism, API, or code-level change. The recommendation should address the root cause rather than only masking the immediate symptom.","Yes. In addition to Identification, Reason, Impact, and Solution, I believe evidence, exploitability context, confidence, and validation guidance are important. A strong security review comment should distinguish between a confirmed vulnerability and a potential risk, explain relevant preconditions or attacker capabilities, and, where appropriate, provide a safe way to validate the issue. This helps reduce false positives and allows developers to prioritize findings based on realistic security risk.","The IRIS framework provides a useful foundation for evaluating security code review comments. In practice, I believe the highest-quality comments combine technical accuracy with sufficient evidence and context, while remaining concise and actionable for developers."
2026/08/19 12:17:20 AM GMT+8,Industry professional,canada,More than 5 years,C / C++;Python;Go;Rust,Yes,Male,Very important,"from one side we want the comment to explain the problem clearly, from other side it should be not explicit if someone with melicious intent gets access to the comment - it's basically an exposure.",Somewhat important,if i'm fixing the code - i need to know why it's done that way - is there a specific goal or just not considered the security impact.,Very important,"the disclosure is usually in play here. if impact is high, it deserves advisory and embargo. if impact is low - the process can be simplified.",Neutral,"mostly if reporter wants to fix it by themselves - they can provide a proposed solution, otherwise the specific product experts should come up with theirown fix.",i think radius and dependancy are missing. - if the report pointing out to the external library dependancy - it needs more context what is done in the source project. severity of the attack vector or the radisus should be also mentioned - if this is something that is broken - will it be a regular bug,good questions. thanks for inviting.
2026/08/19 1:14:52 AM GMT+8,Industry professional,Germany,More than 5 years,C / C++;Java;Python;Go;Rust,Yes,Male,Very important,,Somewhat unimportant,,Somewhat important,,Very unimportant,,,
2026/08/19 3:29:49 AM GMT+8,Industry professional,Germany,3-5 years,C / C++;Rust,Yes,Female,Somewhat important,"The specific operation, or combination of sets of operations, that is problematic should, I think, be visible by either quoting / highlighting the expression, or alternatively naming the kind of operation (ie indexing), unless it is obvious from the name (ie `unwrap`s in Rust)

Usually this can be inferred from the reason though, and especially when asking clarifying questions is going to be easy and fast & the identification is implied by the reason, omitting it is probably fine ",Very important,"References to documentation about specific known issues is ideal if they exist.

Otherwise, it should probably include both a potential way of triggering it (or a sketch of how such a way could exist, ie ""there might be interlockings [...]""), as well as a description of what the resulting (possibly more general) issue is (ie ""[...] that could result in stale reads""). Supplementary documentation references are very helpful here in my opinion.",Neutral,"The resulting unintended immediate consequence, ie ""this may panic/abort"", ""undefined behavior"" or ""unauthorised reads""
If the ""ultimately visible"" consequence of it, ie ""denial of service"", if applicable, is also good to include to gauge severity ",Somewhat unimportant,Pointing to the specific semantic changes at least (resulting further changes like storing the result of another function call / getting information from somewhere / etc are less important),"""Locality"" - is this issue actually triggerable from the outside, or is this function only called in a places/ways where the issue couldn't occur, but might occur in future in other call sites / if those call sites change 
This can be important specifically in the context of adding documentation to the function and/or call sites if a more general fix would for example cause a large perfomance penalty; or alternatively other APIs to that function (ie parameters that ""prove"" validation has occurred) could be explored.",
2026/08/19 1:39:45 PM GMT+8,Undergraduate or graduate student,China,3-5 years,Java;Python,Yes,Male,Very important,识别是否正确；是否理解了代码逻辑的上下文；开发者是否接受comment的内容,Very important,理由是否清晰；理由是否和代码实际语义对齐；理由是否能够为后续代码修复提供指导性建议；包含理由的SCRC是否更容易被开发者确认并修复,Very important,impact是否客观；包含impact的comment被确认的比率；,Very important,解决方案是否清晰；解决方案是否包含误导性，毕竟解决方案也有可能包含潜在缺陷/攻击点,,环节看似完整，但是每个步骤如何保证有效性我觉得才是重点，比如如何识别潜在缺陷，对于PR中故意隐藏攻击手段如何辨别等等。
2026/08/19 4:11:03 PM GMT+8,Undergraduate or graduate student,China,3-5 years,C / C++;Java;Python,Yes,Male,Very important,The comment should explicitly point out the exact code snippet that contains the security flaw.,Somewhat important,The comment should explain the underlying mechanism that triggers the security flaw.,Somewhat important,The comment should describe concrete security consequences instead of vague warnings.,Very important,The suggested solution should be actionable and concrete. Providing sample code snippets is highly valuable.,Nothing,Nothing
2026/08/20 9:52:04 AM GMT+8,Industry professional,United States,1-3 years,Go;Rust,Yes,Female,Very important,,Somewhat important,,Somewhat important,,Neutral,,,
2026/08/20 10:28:02 AM GMT+8,Freelance developer,Canada,1-3 years,Java;Python;Rust,Yes,Male,Very important,"    The comment should identify the specific code, behavior, or condition that causes the security issue. It should be precise enough that the developer can quickly locate and reproduce the problem.",Very important,,Somewhat important,"The comment should explain the realistic consequence of the issue and, when relevant, who can trigger it and under what conditions. The impact description should help distinguish serious vulnerabilities from lower-risk defects.",Somewhat important,"The suggested solution should be actionable and should address the cause of the issue. A specific implementation is helpful when the reviewer is confident, but describing the required secure behavior can also be enough.","Confidence, exploit preconditions, and verification are also important. A high-quality security review comment should distinguish confirmed issues from hypotheses, state the conditions required to trigger the issue, and explain how the proposed fix can be verified.Confidence, exploit preconditions, and verification are also important. A high-quality security review comment should distinguish confirmed issues from hypotheses, state the conditions required to trigger the issue, and explain how the proposed fix can be verified.",
2026/08/20 11:06:52 AM GMT+8,Industry professional,canada,More than 5 years,Go;TypeScript,Yes,Prefer not to say,Somewhat important,"quoting the precise problematic code snippet, eg. quoting `msg.Hashes[0]`",Neutral,"it might be necessary to hide the reason in an open source codebase, but otherwise it's best to communicate as verbosely as possible",Somewhat unimportant,"impact is generally obvious. if not, it can be asked in a followup",Very unimportant,the solution should be written by the PR author who's familiar with the code. a reviewer might not fully understand the context and there's a tendency to blindly accept suggestions,,
2026/08/20 2:17:32 PM GMT+8,Industry professional,Germany,More than 5 years,C / C++;Python;Go;C#;PHP,Yes,Prefer not to say,Very important,"Clarity, and whether the code itself is in need of a comment.",Very important,Same as for identitmfication ,Neutral,"The impact isn't as important, unless the maintainers choose not to fix it ",Somewhat unimportant,"Solution is for the maintainers to come up with. If they understand the issue, they'll best know how to fix it.",,
2026/08/20 5:15:11 PM GMT+8,Freelance developer,Kenya,3-5 years,C / C++;Java;Python;Go;Rust,Yes,Male,Very important,,Very important,,Very important,,Neutral,,,
2026/08/20 5:30:19 PM GMT+8,Undergraduate or graduate student,Hong Kong SAR China,More than 5 years,C / C++;Python;PHP,Yes,Male,Somewhat important,"Points out the exact line, function, variable, or expression",Neutral,Explains why the implementation is unsafe,Very important,Articulates the severity of the flaw,Very important,"The proposed fix handles edge cases, cleans up resources properly, and does not introduce new security vulnerabilities or regressions.",N/A,N/A
2026/08/20 6:18:37 PM GMT+8,Industry professional,Australia,1-3 years,C / C++;Python;Go;C#;Rust,Yes,Male,Very important,Line number. Function. Specific without explicitly hand-holding.,Somewhat important,,Neutral,,Somewhat unimportant,Hand-holding can be okay but not immediately.,,
2026/08/20 7:00:13 PM GMT+8,Industry professional,Finland/Europe,More than 5 years,C / C++;Python,Yes,Male,Very important,"A high-quality security code review comment should precisely identify the problematic code, the relevant operation or expression, and the condition under which the issue occurs. It should be specific enough that the developer can locate the issue without having to infer which part of the change is unsafe. Good identification should distinguish the actual root cause from only describing a symptom, and when possible should identify the vulnerability class or violated security assumption. The comment should also make clear whether the issue depends on particular input, state, execution path, privilege level, or concurrency condition.",Very important,"The Reason should explain the causal mechanism that makes the identified code unsafe. I would evaluate whether the explanation connects the code to the security problem using technically correct reasoning, including relevant language semantics, runtime behavior, concurrency behavior, trust boundaries, or violated invariants. A strong explanation should answer “why is this unsafe?” rather than merely repeating that a vulnerability exists. It should be concise but contain enough information for the author to independently understand and verify the problem, and it should avoid unsupported speculation.",Very important,"The Impact should describe the realistic security consequence if the issue is exploited or triggered. Important criteria include the affected security property (confidentiality, integrity, or availability), attacker capabilities and prerequisites, whether untrusted input can reach the vulnerable path, the affected component or users, and the potential blast radius. The comment should distinguish theoretical failure from realistically exploitable behavior and should communicate severity proportionally, without exaggerating the risk. For example, stating that attacker-controlled input can crash a network node and cause denial of service is substantially more useful than only stating that a panic is possible.",Somewhat important,"A useful Solution should provide actionable guidance that addresses the root cause rather than only suppressing the observable symptom. I would evaluate whether the proposed mitigation is technically correct, compatible with the surrounding design, and unlikely to introduce another vulnerability. Where appropriate, a good review comment can suggest a concrete code pattern, validation check, safer API, synchronization primitive, or error-handling strategy. It is also valuable to suggest tests that demonstrate the vulnerability is fixed. However, I do not think a reviewer must always provide an exact implementation for the comment to be high quality; identifying the security requirement or expected safe behavior can be sufficient when the code author is better positioned to design the final fix.","Yes. I think several additional aspects contribute to the quality of a security code review comment.

First, evidence and confidence are important. Reviewers should distinguish between a confirmed vulnerability, a likely problem, and a possibility that requires further investigation. When practical, a minimal reproduction, attack scenario, failing test, or reference to relevant documentation can strengthen the comment.

Second, exploitability and preconditions deserve explicit consideration. Two defects with identical technical behavior may have very different security significance depending on whether the affected input is attacker-controlled, whether authentication is required, and whether the vulnerable path is externally reachable.

Third, scope and context matter. A high-quality comment should consider the surrounding architecture, trust boundaries, existing mitigations, and whether the problem occurs elsewhere in similar code rather than treating the reviewed line entirely in isolation.

Fourth, verifiability is useful. When possible, the comment should make it clear how a developer or reviewer can verify that the proposed fix actually resolves the problem, for example through a regression test or a specific security property that should hold after the change.

Finally, clarity and proportionality are important. Security comments should be concise, technically precise, constructive, and proportional to the actual risk. Overstating severity or using vague security terminology can make security review less effective even when the underlying observation is correct.","The IRIS model captures the main informational components of a useful security review comment well. One distinction that may be useful is between the quality of the comment itself and the severity of the discovered vulnerability. A very high-quality comment can describe a low-severity issue, while a critical vulnerability can initially be reported in a short comment containing relatively little explanation. I would therefore evaluate comment quality independently from vulnerability severity. I would also consider exploitability/preconditions and reviewer confidence as explicit attributes or sub-attributes, because they help developers decide how much evidence supports the finding and how urgently it should be addressed."
2026/08/20 9:02:31 PM GMT+8,Industry professional,Brazil ,More than 5 years,Go,Yes,Male,Very important,"Precision is paramount. A high-quality SCRC must pinpoint the exact variable, function, or execution flow that introduces the vulnerability. Vague warnings are unactionable. The reviewer should identify specific race conditions, memory leaks, or unvalidated inputs rather than just stating ""possible error.""",Very important,"A strong ""Reason"" must bridge the gap between a symptom and its root cause. It should explain the underlying mechanism failing—such as race conditions in concurrent execution, lack of atomicity, or memory mismanagement. A high-quality comment evaluates the context, explaining not just that the code fails, but why the specific environment or state makes it vulnerable. Criteria for excellence include referencing architectural constraints and linking to official documentation or known vulnerability patterns, which educates the developer and prevents recurrence.",Very important,"The comment must evaluate the ""blast radius"" of the vulnerability. A high-quality SCRC clearly outlines the real-world business and technical consequences—such as Denial of Service (DoS), data exfiltration, or privilege escalation. This is crucial for triage and prioritization. By explaining the worst-case scenario within the application's specific architecture, the reviewer helps the developer understand the true severity of the flaw, moving it from a theoretical edge case to a tangible security risk.",Very important,"Actionability is the primary indicator of a high-quality solution. The reviewer should leave no ambiguity for the developer. A strong SCRC provides concrete code snippets (as seen in Example 1), points to secure standard library implementations, or suggests robust architectural patterns. Even when providing exact code isn't feasible, the solution must outline clear, testable steps to mitigate the vulnerability rather than simply demanding a fix.","Yes, two critical aspects are often missing:
1. Verification and Testing: A complete review should suggest how to mathematically or programmatically prove the issue is mitigated. Recommending a specific unit test, integration test, or the addition of a security linter/fuzzer in the CI/CD pipeline ensures the vulnerability does not regress.
2. Tone and Empathy: Particularly in large-scale or open-source environments, the psychological safety of code reviews is crucial. Comments must be collaborative, objective, and focused strictly on the code rather than the author, fostering a healthy and blameless engineering culture.","The IRIS framework is an excellent and practical synthesis of a mature security review process. Coming from a background of maintaining infrastructure platforms and contributing to open-source ecosystems, I see firsthand how unstructured feedback slows down merges and introduces risks. Standardizing code reviews through a framework like this could significantly improve the software development lifecycle across the industry. Great initiative."
2026/08/21 1:12:36 AM GMT+8,Freelance developer,Switzerland,3-5 years,C / C++;Python;Go;C#;Rust,Yes,Male,Very important,"The comment should clearly point to the problematic code, explain the issue is and mention when it can happen. The developer shouldn't have to guess what the reviewer means.",Very important,the comment should clearly explain why the code is problematic and what causes the issue. The reasoning should be accurate and easy for the developer to understand.,Very important,The comment should clearly explain the possible security consequences - who or what should be affected and the conditions an attacker would need to exploit the issue. The impact should be realistic and not exaggerated.,Very important,"The suggested solution should be clear, practical and technically correct. It should fix the root cause, fit the existing code and include an example or testing guidance when helpful.","Accuracy, clarity, respectful tone and evidence are also important. A good SRC should avoid exaggerating the risk and provide enough context or reference to support finding.","It would be helpful to provide clearer information about the researchers, how the responses will be stored and used, and the relationship between the university and the US-based survey platform. This would improve transparency and participant trust."
2026/08/21 2:48:31 AM GMT+8,Industry professional,United States of America ,More than 5 years,C / C++;Java;Python;Ruby,Yes,Male,Somewhat important,Biometrics will play you draw and the development of identification security using finger print and facial recognition would be a better way to go about that type of identification and security measures,Very important,How many times a person actually tried to input their password and the variation in the past where verses the input given.,Somewhat important,Can I need the number of bites given compared to the bytes known is a good way of supporting the impact statement looks right on point.,Neutral,Define that is used is very important not everyone uses the correct font I met this that if I includes to create a password.,Most time the font isn't taken into consideration which most people should be aware of that is one thing that I would stress the most that people should be paying attention to the font when it comes to creating these involved passwords one font and one language could mean one thing and another thing that's totally mean the correct way to participate so I think fonts play a huge role.,
2026/08/21 1:35:20 PM GMT+8,High school student,India,1-3 years,Java;Python,Yes,Male,Very important,"A high-quality comment should precisely identify the affected file, function, statement, variable, or code path. It should explain the triggering condition or input that causes the issue and distinguish the actual vulnerability from speculation. The comment should be specific enough that the developer can locate and reproduce the problem without searching through the entire patch.",Very important,"The comment should accurately explain the technical cause of the issue, including relevant data flow, control flow, lifecycle, concurrency, validation, or trust-boundary assumptions. The reasoning should be evidence-based and clear rather than merely asserting that the code is unsafe.",Very important,"The comment should describe the realistic security consequences, such as confidentiality, integrity, or availability loss. It should explain the attacker capability, affected scope, exploit conditions, and likely severity, while distinguishing security impact from an ordinary functional bug.",Very important,"The comment should provide specific, actionable remediation guidance that preserves intended behavior. Useful suggestions may include safer code or configuration, validation steps, tests, or relevant defensive practices. The recommendation should explain important trade-offs and avoid prescribing an unsuitable fix without understanding the surrounding context.","Yes. Important additional aspects include technical accuracy, evidence or reproducibility, severity and prioritization, contextual understanding, false-positive awareness, and respectful communication. A high-quality comment should also clearly distinguish blocking security issues from optional improvements and explain how the fix can be verified.",
2026/08/21 7:17:41 PM GMT+8,Industry professional,Spain,More than 5 years,C / C++;Python;Go;Javascript,Yes,Male,Very important,The comment should be actionable. A Comment should tell you the dangerous condition you are causing and a gold standard would be a suggestion on how to fix it similar to what the rust compiler does,Very important,"The author of the patch didn't foresaw the condition, otherwise it would have been addressed so as a review you need to ""open their eyes"" into a situation they did not found, otherwise is like a scavenger hunt and wasts everybody's time",Somewhat important,Impact is a way to prioritize the situation. A DDOS is not as severe as a Remote Code execution nonetheless in a review phase you should fix all security review regardless of severity so it is good to know the extent it is not critical. If the severity is low and the chances of that bug triggering are remote or you are able to prove it is imposible due to another reason you may get away but you are leaving a trap for others.,Very important,It is critical for you offer if not a complete solution a way for the author to fix it in a long term. Sometimes it is not a one liner as it may need further refactor but giving the author the tools needed to come up with a secure system,"It is important they come eearly in the review process. There is no point debating about formatting variable naming or scalability of the feature if the change requires by need a security hole. To make the review process efficient one needs to first look at the architecture of the change, debate wether it makes sense and if that checks out go for security findings first. That way if the feature is not possible in a secure fashion you don't continue putting effort into the patch set",
2026/08/21 8:08:36 PM GMT+8,Industry professional,UK,More than 5 years,C / C++;Python;Go;Rust,Yes,Female,Very important,"It must be possible to reconstruct in your mind, from the comment, every trace that triggers a bug and every trace that does not trigger the bug.",Somewhat important,Whether the reason is useful to educate a collaborator so that the issue does not reoccur.,Neutral,It is difficult to accurately identify impact of a security issue. Often issues are first reported as DoS and later escalated to privesc or information disclosure. Issues that are known to have bigger impact should be addressed first but other than that it's not very important,Neutral,"It is important to provide a specific solution to a contributor because in absence of guidance, it is common that people will take the ""easiest"" solution, which is not necessarily what the codebase should be using, as they may not be fully familiar with it. At the same time, the maintainer may not be aware of all security implications either. So it could go either way",,
2026/08/21 10:41:39 PM GMT+8,Industry professional,Brazil,More than 5 years,Java;Python;C#,Yes,Male,Very important,,Very important,,Very important,,Very important,,,
2026/08/21 11:35:40 PM GMT+8,Undergraduate or graduate student,india,1-3 years,C / C++;Java;Python,Yes,Male,Very important,"To evaluate the identification of a Synchronous Colorectal Cancer (SCRC), look for multiple primary tumors diagnosed simultaneously or within 6 months of each other, separated by at least 4 cm of healthy bowel tissue. Pathologically, each lesion must show independent origin rather than local spread or metastasis. Molecularly, look for distinct genetic mutations (like different KRAS or BRAF profiles) and signs of high microsatellite instability (MSI-H)",Neutral,"To evaluate the identification of a Synchronous Colorectal Cancer (SCRC), look for multiple primary tumors diagnosed simultaneously or within 6 months of each other, separated by at least 4 cm of healthy bowel tissue. Pathologically, each lesion must show independent origin rather than local spread or metastasis. Molecularly, look for distinct genetic mutations (like different KRAS or BRAF profiles) and signs of high microsatellite instability (MSI-H).",Somewhat unimportant,"To evaluate the identification of a Synchronous Colorectal Cancer (SCRC), look for multiple primary tumors diagnosed simultaneously or within 6 months of each other, separated by at least 4 cm of healthy bowel tissue. Pathologically, each lesion must show independent origin rather than local spread or metastasis. Molecularly, look for distinct genetic mutations (like different KRAS or BRAF profiles) and signs of high microsatellite instability (MSI-H).
",Very unimportant,no,yes,none
2026/08/22 7:27:45 AM GMT+8,High school Developer,"Iowa, USA",Less than 1 year,"C / C++;Java;Python;Go;Rust;TypeScript, Swift",Yes,Male,Very important,"Precision: names the specific issue (race condition, use-after-free, injection, missing auth check) rather than a vague ""this looks risky.""
Exact location: points to the specific line, variable, or code path responsible, not just ""somewhere in this function.""
Accuracy: the issue actually has to be present as described — a misidentification doesn't just fail to help, it wastes the author's time and erodes trust in the reviewer's future comments (""crying wolf"").
Root cause vs. symptom: names the underlying cause (e.g., unsynchronized shared state) rather than a pattern that merely correlates with the real problem.
Scope clarity: makes clear whether this is a one-off instance or a pattern likely repeated elsewhere in the codebase.",Very important,"Causal mechanism: explains how the problem actually happens (e.g., ""increment is a read + write, and two threads' operations can interleave""), not just an assertion that it's wrong.
Preconditions: states when the issue triggers — under concurrency, adversarial input, a specific config, etc.
Technical correctness: the explanation itself has to be right. A confident but wrong explanation is arguably worse than none, since it actively misleads.
Calibrated confidence: signals how sure the reviewer is (""99% sure about this"" vs. an unqualified claim), so the author knows how much to independently verify.
Tied to the actual code: references the real construct in the diff rather than a generic textbook description of the vulnerability class.",Very important,"Concrete consequence: names an actual outcome — DoS, data exposure, privilege escalation, memory corruption — instead of a generic ""this is insecure.""
Threat-model framing: describes who could trigger it and how (e.g., ""a byzantine proposer sending malformed input""), so the reader sees a realistic attack path, not an abstract risk.
Proportionate severity: conveys how bad it is without over- or under-selling — exaggeration undermines trust just as much as understatement kills urgency.
Context sensitivity: accounts for whether the affected path is externally reachable, internal-only, or trusted-input, since that changes how much the impact actually matters here.",Somewhat important,"Actionability: a concrete next step — a code change, the right primitive to use (Interlocked.Increment), or at least the correct general pattern.
Correctness and completeness: the fix has to close the whole issue, not just the visible half (checking a return value and freeing the associated resource).
Fit with existing conventions: a technically valid fix that ignores the codebase's idioms or constraints is lower quality even when ""correct.""
Room for reviewer judgment: for architecture-level issues, pointing at the right category of fix (""use a vetted crypto library"") can be as valuable as literal code, and is sometimes more appropriate than dictating an exact patch.","Tone and framing: whether the comment reads as collaborative (""this needs to be X because Y"") or dismissive/condescending. A technically excellent comment that's abrasive gets argued with or ignored rather than fixed.
Calibrated confidence: distinct from Reason's correctness — whether the reviewer flags their own uncertainty so the author knows how much independent verification is warranted. This showed up explicitly in the OpenTelemetry example (""99% sure"") and is a real quality signal that doesn't map cleanly onto any of the four dimensions.
Signal-to-noise: a comment can score well on all four dimensions and still bury the point in hedging or tangents. Saying it concisely is itself a quality marker.
Severity/priority signaling: whether the comment communicates how blocking the issue is (""must fix before merge"" vs. ""worth a follow-up""), which matters for triage when a PR has many competing comments.
Verifiability: whether the author (or another reviewer) can independently confirm the claim — a repro step, a CWE/CVE reference, a doc link — rather than having to trust the reviewer's authority outright.
Generalizability: whether the comment helps the author recognize the broader pattern so they avoid the mistake elsewhere, not just patch this one instance.","The four dimensions map closely onto a well-written vulnerability disclosure (what/where, root cause, severity, remediation) — a good sign the framework is capturing the right underlying structure of technical security communication, not an arbitrary taxonomy.
They aren't fully independent. Identification functions as a gatekeeper: without it, Reason/Impact/Solution have nothing to attach to. It might be worth scoring Identification as a precondition rather than a peer dimension — e.g., a comment can't score above some ceiling on the other three if Identification is wrong or missing.
Relative importance likely shifts with audience expertise and issue novelty: a well-known bug class (""classic TOCTOU"") may need less spelled-out Reason/Solution for an experienced security team, while the same comment aimed at a broad open-source contributor base benefits from all four being explicit, since you can't assume a shared baseline."
2026/08/22 10:11:53 AM GMT+8,NEET,China,1-3 years,C / C++;Python;Go,Yes,Male,Very important,如果可以的话精确到LoC。并且指出所有的出现位置。有的安全漏洞存在于不同地方的相似逻辑之中，不提出具体的位置，或者只针对其中一个出处提出则非常容易被忽略。比如apache httpcomponents-client 5.6-RC1，只对经典API中的DoS漏洞进行了修补，但忽略了异步API中的相同漏洞。,Somewhat important,,Somewhat unimportant,咱认为，在code review阶段，很多可能引起漏洞的潜在安全问题，具体exploit路径不一定都很直观，尤其对于复杂的项目。具体这一段代码会如何受到不信任输入的影响，是否会造成/会造成怎样的impact需要额外的investigation。但不妨碍在code review阶段提出防御性的修改建议。在这种情景下，咱认为具体的impact不是必要非常清晰的。,Very important,必须要提出最具体的Solution，最好给出具体的patch，除非是最trivial的fix。并且committer应用Solution之后最好让reviewer再确认一下。咱自己在开源项目安全研究经历中，就遇到过数次报送的漏洞的修补方案没有给咱review，导致新版本发布后依然能被利用的情况。,,你好。
2026/08/22 2:33:35 PM GMT+8,Undergraduate or graduate student,中国,Less than 1 year,Java;PHP,Yes,Male,Somewhat important,我觉得注释应该是简洁的，清晰的。而非臃肿的，模糊的。,Very important,,Neutral,,Neutral,,,
2026/08/22 2:41:40 PM GMT+8,Industry professional,United Status of America,More than 5 years,Java;Python,Yes,Male,Very important,"For me, a good security review comment should clearly point to the exact code or behavior that is causing the issue. The developer should not have to guess what part of the change the reviewer is referring to.

I would evaluate Identification based on:

Whether the comment points to the specific line, expression, variable, or logic causing the issue.
Whether it clearly names what the security problem is.
Whether it explains the condition under which the issue can happen.
Whether the comment is specific enough that the developer can understand the concern without having to ask for more clarification.

For example, saying ""possible panic"" is useful, but saying that msg.Hashes[0] can panic when the list is empty is much more useful.",Very important,"Reason is important because it helps the developer understand why the code is unsafe instead of just telling them that something is wrong. This is also useful in preventing the same type of issue from being introduced somewhere else.

I would evaluate Reason based on:

Whether the comment explains the technical cause of the problem.
Whether it connects the code behavior to the security concern.
Whether the explanation is technically correct and relevant.
Whether it gives enough context for the developer to understand why the current implementation is unsafe.

The explanation does not always need to be long. Even one or two sentences can be enough as long as they explain the actual cause.",Very important,"Impact helps communicate how serious the issue could become if it is not fixed. There is a big difference between something that may cause a small reliability issue and something that allows an attacker to crash a service or expose credentials.

I would evaluate Impact based on:

Whether the comment explains what could happen if the issue is exploited.
Whether it identifies who or what could be affected.
Whether it describes the security consequence, such as data exposure, DoS, privilege escalation, or unauthorized access.
Whether the stated impact is realistic and supported by the code instead of being exaggerated.

Mentioning the attacker or triggering scenario is also useful when it is relevant. For example, explaining that malformed input from an untrusted peer could crash the service gives much more context than simply saying that a panic is possible.",Very important,"A security review comment becomes more useful when it gives the developer a clear direction for fixing the issue. It does not necessarily need to provide the complete implementation, but it should ideally give enough information to move toward the correct solution.

I would evaluate Solution based on:

Whether the suggested fix actually addresses the root cause.
Whether the recommendation is specific and actionable.
Whether it follows the language or project's normal coding practices.
Whether it avoids introducing another security or reliability issue.
Whether the reviewer provides an example or alternative approach when the correct fix may not be obvious.

I would not require every review comment to include exact replacement code. Sometimes the reviewer may identify the issue correctly but not have enough context to decide the best implementation. In those cases, giving the expected secure behavior is still useful.","Yes. I think there are a few other aspects that affect the quality of a security code review comment.

One is accuracy/confidence. A comment should distinguish between a confirmed vulnerability and something the reviewer thinks may be risky. Otherwise developers may spend time investigating issues that are not actually possible.

Another is severity or priority. It is useful to communicate whether something is a critical security concern that should block the change or more of a defense-in-depth improvement.

I would also consider clarity and tone. Security comments should be direct, but they should focus on the code and the risk rather than blaming the person who wrote it. This makes it easier to discuss the issue and get it fixed.

Finally, context is important. If exploitation depends on the input being attacker-controlled, a certain configuration being enabled, or another condition being true, mentioning that condition makes the comment much more useful.","I think Identification, Reason, Impact, and Solution cover most of what makes a security review comment useful. I would probably not treat them as completely independent though. For example, a short comment with very strong Identification and Impact may still be useful even without a detailed Solution. The importance of each attribute can also depend on how obvious the issue is and how much context the developer already has."
2026/08/22 3:31:50 PM GMT+8,Industry professional,Serbia,More than 5 years,Go;Rust,Yes,Male,Very important,"The comment should clearly say which thing triggers the security risk, if the line of code is ""obvious"" then it is okay to just say ""this can allow an attack""",Somewhat important,The Reason is important but ideally you should also provide links (if possible) about "why",Very important,"I would say that just step by step breakdown of the consequences is an ideal case, good enough case is just saying the end outcome",Neutral,Solution in the PR comment is nice but not so important,,
2026/08/22 5:27:58 PM GMT+8,Undergraduate or graduate student,India,1-3 years,C / C++;Java;Python;Go;Rust,Yes,Male,Very important,"Criteria I'd use: (1) Does it name the exact expression or symbol, not just the file or the general area? Example 2 says ""possible panic"" but never names msg.Hashes[0], so the author has to rediscover the bug themselves. (2) Does it state the triggering precondition? A security issue is a claim about reachable state, so identification is incomplete without the condition that reaches it, e.g. when a peer sends an empty Hashes slice.(3) Is the claim falsifiable? If a comment is vague enough that it cannot be shown wrong, it cannot be checked either, and it will be dismissed. (4) Does it distinguish the symptom from the defect? ""Panic"" is the symptom; the defect is indexing attacker-controlled data without a length check. Comments that stop at the symptom tend to get symptom-level fixes. (5) Does it say whether this is a single instance or a pattern repeated elsewhere in the diff? (6) Does it use a recognizable category name (improper access control, log injection, TOCTOU) so the thread is greppable later and connects to existing knowledge?",Very important,"Criteria: (1) Mechanism versus restatement. ""++ does a read and a write and they are not atomic together"" is a mechanism. ""This is racy"" is just re-asserting the conclusion. (2) Does it name the violated invariant rather than only the language feature? The OpenTelemetry comment is strong because it explains that the lock is keyed by tag value and therefore does not serialize a shared counter. That generalizes; ""use Interlocked"" does not. (3) Does it surface its assumptions about the threat model, caller, or concurrency, so someone with more context can rebut it? An unrebuttable reason is not a reason. (4) Is it independently verifiable by the author, ideally by writing a test or reading a spec rather than trusting the reviewer? (5) Calibration. I read ""99% sure about this"" in the Telegraf example as a quality signal, not a weakness. Reviewers who state confidence let authors allocate verification effort correctly. (6) Does it separate ""this is wrong"" from ""this is not obviously right""? Both are legitimate review outcomes and conflating them wastes time.",Very important,"Criteria: (1) Is the attacker model stated? Who has to do what, and what access do they need beforehand? The Cosmos comment works because it names the actor (byzantine proposer), the input (malformed txs), and the outcome (node crash, DoS). (2) Is severity proportionate to reachability? Inflated impact is the single most damaging failure mode in security review. Once a reviewer has called two things ""RCE"" that were not, their real findings get ignored, so overstatement has a cost that persists past the current PR. I would rate an accurate ""low severity, still worth fixing"" above an inflated one. (3) Is the consequence expressed as a security property that breaks (availability, confidentiality, integrity, trust boundary crossed) rather than a generic ""this is dangerous""? (4) Blast radius: self-inflicted versus remotely triggerable, one user versus all users, recoverable versus not. (5) Does it admit when impact is unknown instead of guessing? ""I cannot tell if this input is attacker-reachable, but if it is, this is a crash"" is more useful than a confident wrong number.",Somewhat important,"I rate this lower than the other three deliberately. Identification, Reason, and Impact are things the code author usually cannot supply for themselves, which is the entire reason review exists. A solution often can be, because the author knows the codebase better than the reviewer does. A wrong or partial suggested fix is actively negative: it gets applied verbatim, the thread is marked resolved, and the vulnerability survives with a security review comment sitting on top of it saying it was handled. Criteria: (1) Correctness before completeness. (2) Does it address the root cause and every instance of the class in the diff, or just the one line? (3) Does it state the property the fix must preserve, so the author can choose a different implementation? That is more durable than a code snippet. (4) Does it acknowledge tradeoffs (performance, API compatibility, error-path behavior) instead of implying the fix is free? (5) Does it include a way to verify? Almost no review comments I have seen say ""and add a regression test that feeds an empty slice here,"" which is why the same bug class comes back. (6) Framing. The Telegraf ""so how about:"" phrasing gets adopted more often than a mandate, and adoption is part of whether the comment was actually good.","Four things IRIS does not capture. (1) Evidence. All four attributes are assertions. None covers how the reviewer knows: a failing test, a PoC input, a spec or CWE reference, a static analysis trace, a link to a past incident. Evidence is what converts a disputed comment into a fixed bug, and it is separable from Reason, since a correct explanation can still be unsupported. (2) Calibration. Explicit confidence, and explicit uncertainty about reachability. A comment that says ""I could not confirm this path is attacker-reachable"" is higher quality than one that omits the doubt, but IRIS would score them identically or penalize the honest one. (3) Priority signalling. Whether the reviewer considers this merge-blocking or a nit. Security comments that arrive undifferentiated from style comments get batched and deferred. (4) Scope. Whether the comment tells the author this pattern likely appears elsewhere and the rest of the file or module should be audited. Single-site fixes for class bugs are extremely common.","One methodological note, offered in case you are building a scoring rubric or an automated judge from these attributes. The four attributes are unlikely to be independent or compensatory. Identification is a gate: a comment with no identifiable defect cannot be rescued by an excellent Solution, and Reason is partly entangled with Identification since the mechanism often is the precise location. If the rubric sums or averages IRIS scores, it will rank a vague-but-verbose comment above a terse-but-precise one, which inverts what practitioners actually value. I would test whether a gated or lexicographic scoring behaves better than an additive one, and I would check inter-rater reliability per attribute separately rather than on the aggregate, since I expect Impact to have much lower agreement than Identification.

Second, quality here is audience-relative in a way the framing does not address. The PR author needs Identification, Reason, and Solution. A security auditor reading the review history months later needs Identification, Reason, and Impact, and does not care about Solution at all. Worth deciding which reader the construct is defined for.

Third, if you have access to the outcome data, it would strengthen the work considerably to check whether IRIS attributes predict whether the comment was actually resolved with a committed fix, rather than only whether practitioners say the attributes feel important. Self-reported importance and behavioural effect diverge a lot in code review."
2026/08/22 11:06:43 PM GMT+8,Academic researcher,Hungary ,More than 5 years,C / C++;Java;Python;C#,Yes,Female,Very important,"Criteria for evaluating Identification in an SCRC

I would evaluate Identification based on whether the review comment precisely identifies the security issue, the specific code element involved, and the conditions under which the vulnerability can occur. A high-quality SCRC should clearly distinguish the affected code from surrounding context and provide enough technical detail for the developer to locate and understand the issue without ambiguity. I would also consider the accuracy, specificity, reproducibility, and clarity of the identification, as well as whether it enables the developer to verify the reported security concern independently.",Very important,"When evaluating “Reason,” I would assess whether the comment technically and clearly explains the mechanism underlying the security issue or the causal relationship behind it. I would consider it important that the explanation connects the affected code to the resulting security impact and provides sufficient technical detail for the developer to understand why the code is problematic. The explanation should be accurate, relevant, verifiable, and proportionate to the complexity of the issue; a longer explanation alone does not indicate higher quality.",Very important,"When evaluating “Impact,” I would assess whether the comment accurately and technically justifiably describes the potential consequences of the identified security issue. I would consider it important that the comment connects the vulnerability to the specific security impact, such as denial of service, unauthorized access, data leakage, data loss, or system crash, where these consequences are reasonably supported by the code and the execution environment. I would also evaluate the accuracy, relevance, appropriate assessment of severity, and verifiability of the stated impact. I would not consider a comment to be of high quality if it attributes exaggerated or unsubstantiated security consequences to the issue",Very important,"When evaluating Solution, I would assess whether the comment provides specific, technically correct, and actionable guidance for addressing the identified security issue. I would consider it important that the proposed solution directly addresses the identified problem, is clear, and describes the necessary changes in a way that the developer can effectively implement. When the nature of the issue allows for a specific code-level fix, providing concrete corrective code or an equivalent, precise implementation-level recommendation should significantly strengthen the quality of the SCRC. I would also evaluate the technical correctness, feasibility, security implications, and whether the proposed fix could introduce new problems or security risks.","Yes. In addition to identification, reason, impact, and solution, I would consider context, adequate supporting evidence, clarity, and proportionality to be important characteristics. A high-quality SCRC should take into account the context of the system and execution environment, so that the finding is not only theoretically correct but also relevant to the specific environment. It is also important for the comment to distinguish demonstrated issues from assumptions and to be supported by appropriate evidence or reproducible behavior. The wording should be clear, objective, and proportionate to the severity of the issue.","I believe that one of the most important characteristics of a high-quality security code review is that the comment should not only identify the problem, but also help the developer understand, verify, and appropriately address it. I consider technical accuracy, consideration of the relevant context, and ensuring that findings are supported by evidence and reproducible behavior to be particularly important. I also consider it important to assess whether the code may contain potentially malicious or intentionally hidden functionality, such as a backdoor, conditionally activated malicious code, or a component inserted as part of a cyberattack. Such code may only become active under specific circumstances, for example after being deployed or integrated into a particular system. However, I consider it important that such findings are based on appropriate technical evidence rather than assumptions."
2026/08/22 11:56:31 PM GMT+8,Undergraduate or graduate student,China,More than 5 years,"C / C++;Python;Rust;Assembly, OCaml, POSIX shell",Yes,Prefer not to say,Somewhat important,Whether the comment has pinpointed the exact location and/or described the unambiguous flow of bug.,Somewhat unimportant,Whether the mechanism of the bug is detailed.,Very unimportant,Whether the fallout of the bug is accurately described.,Neutral,"How specific and correct the suggested changes are, and how well it performs.",,
2026/08/23 9:40:09 AM GMT+8,Industry professional,denmark,More than 5 years,C / C++;PHP,Yes,Prefer not to say,Somewhat important,,Very important,the code fault,Very important,,Somewhat unimportant,,,
2026/08/23 1:09:56 PM GMT+8,Undergraduate or graduate student,Nepal,1-3 years,C / C++;Java;Python;JavaScript,Yes,Male,Very important,"A good comment should point to the exact place the problem lives - ideally the specific line, variable or expression - and name what kind of issue it is (information leak, race condition, unchecked return value). It should also state the condition that triggers the problem, which is exactly what the Swarm example fails to do with msg.Hashes[0]. My criteria: precision of the location, a clear name for the vulnerability class, and stating the trigger condition. If the author has to redo the whole analysis just to find what the reviewer is pointing at, the comment loses most of its value.",Very important,"The comment should explain the mechanism behind the issue, not just assert something is wrong. The OpenTelemetry example is a good model: it explains that the lock is per key-value pair, multiple threads can hit the increment simultaneously, and ++ is a read plus a write which are not atomic together. My criteria: technical accuracy, root cause instead of symptom, a complete causal chain from the code construct to the problem, and depth the author can follow. An unexplained ""this is wrong"" forces the author to trust blindly or push back blindly.",Very important,"Impact turns a code observation into a security priority. My criteria: the concrete consequence should be described (crash, DoS, secrets leaked to logs), who or what is harmed identified (users, service, sensitive data), and reachability stated realistically - e.g. exploitable only by a malicious proposer versus any caller. Claims should stay proportional, since exaggerated severity gets ignored over time. In the Cosmos SDK example, naming the DoS is exactly what justified rejecting the change.",Very important,"A solution is very helpful when concrete and correct, like the type-check rewrite in the Telegraf example, but I see it as valuable support rather than essential. If Identification and Reason are strong, the author can usually derive the fix themselves, and reviewer-proposed patches can be wrong or mismatched with project conventions. My criteria: minimal suggestion fitting existing style, explains why the fix closes the issue rather than patching the symptom, mentions alternatives when several exist, includes a short code sketch for non-obvious cases. Directional guidance is often worth more than fully prescribed implementation.","IRIS covers the informational core well. Three additions: 
1. Correctness/validity - a false-positive security comment burns trust and trains authors to ignore reviews, so accuracy is the precondition for all four attributes. 
2. Clarity and tone - concise, respectful phrasing security findings can read as accusations and derail collaboration. 
3. Verifiability - how to reproduce the issue or a suggested test proving the fix, plus references like CWE or OWASP entries which strengthen credibility and teach beyond this one change.","As an early-career respondent, the biggest quality signal for me is teaching value: comments that explain Reason and cite standards are how developers at my level improve, while bare verdicts teach nothing. So I weight Reason and Identification above a fully prescribed Solution."
2026/08/23 3:41:58 PM GMT+8,Industry professional,China,3-5 years,C / C++;Python;Rust,Yes,Male,Very important,"I would look at whether the comment clearly identifies the specific problematic code or expression, explains what security issue it may cause, and, where relevant, describes the condition or cause that triggers the issue. I would also independently verify the comment to make sure the identification is accurate.",Somewhat important,"I would evaluate whether the reason provides a technically sound and verifiable explanation of why the issue occurs, and whether the explanation is directly connected to the relevant code and execution conditions. However, I would not expect the reviewer’s explanation to always represent the definitive root cause. In real code review, the available context may be limited, and the reviewer’s reasoning may be refined or even overturned through discussion. Therefore, I value a reason more for being clear, technically grounded, and open to verification than for appearing definitive.",Somewhat important,"I would evaluate whether the described impact is a plausible consequence of the identified issue, whether the causal connection is clear, and whether the severity of the consequence is presented proportionally. Since impact often describes a hypothetical scenario rather than an observed outcome, I also think it is important to distinguish plausible risks from speculative or exaggerated ones.

I consider impact useful for understanding the significance and priority of an issue, but somewhat secondary to correctly identifying and explaining the issue itself. A review comment can still be technically useful even if it does not fully describe the possible consequences.",Neutral,"I would evaluate a proposed solution based on whether it is technically correct, actionable, feasible within the project context, and actually addresses the identified issue without introducing unnecessary changes or new problems.

However, I do not consider providing a solution to be an obligation of the reviewer. A reviewer may identify a valid problem without knowing the best implementation-level fix, especially when the contributor has more context about the code being changed. In that sense, a concrete solution is valuable additional guidance, but I would not treat its absence as making an otherwise accurate and useful review comment low quality. The contributor should ultimately remain responsible for deciding how to address the issue in the submitted code.","1. Clarity and specificity: clearly point to the relevant code or behavior.
2. Evidence and verifiability: support the concern with concrete technical reasoning or evidence when possible.
3. Confidence calibration: distinguish confirmed issues from plausible or uncertain risks.
4. Context awareness: consider surrounding code, design assumptions, and project conventions.
5. Communication quality: remain professional, respectful, and open to discussion or correction.","1. These attributes should not be treated as an equally weighted checklist.
2. Identification is usually the core requirement.
3. Reason, Impact, and Solution can add value, but their importance depends on the specific issue and review context."
2026/08/27 4:38:56 PM GMT+8,Industry professional,japan,More than 5 years,C / C++;Java;Python,Yes,Female,Very important,concrete identity.,Very important,detailed mechanism.,Very important,CWE description,Very important,code snippet,no,"interesting survey, though it's an ideal standard for code review"
2026/08/27 9:48:31 PM GMT+8,Undergraduate or graduate student,India,1-3 years,C / C++;Java;Python;Javascript,Yes,Male,Very important,"A good Identification statement points to the exact line, variable, or expression involved (not just ""this function has an issue""), and names the specific vulnerability class (e.g., command injection, path traversal, race condition) rather than a vague ""this looks unsafe."" It should be unambiguous enough that a developer unfamiliar with the surrounding code could still locate the flaw without re-reading the whole diff.",Very important,"The explanation should describe the underlying mechanism  why the code allows unsafe behavior (e.g., unsanitized input reaching a shell call, or a non-atomic operation under concurrent access) rather than just restating that it's ""insecure."" A strong Reason also states the precondition that triggers it (what input, what timing, what environment) so the developer understands when the bug actually manifests, not just that it theoretically could.",Very important,"Good Impact statements name a concrete outcome data exposure, privilege escalation, DoS, remote code execution rather than a generic ""this is risky."" Bonus points for indicating severity/exploitability context, e.g., who could trigger it (any user vs. only an authenticated admin) and what they'd gain, since that shapes how urgently it needs fixing.",Very important,"The best Solutions include a concrete code change or pattern (a parameterized query, an allow-list check, a specific safer API) rather than just ""sanitize this"" or ""handle this better."" It should also flag any trade-offs the fix introduces (performance cost, breaking change, added dependency) so the author isn't surprised later.","Two things I'd add: (1) Tone/actionability whether the comment reads as collaborative guidance vs. a blocking accusation, which affects whether the author actually acts on it quickly; and (2) Verifiability whether the comment gives the author a way to confirm the fix worked (a test case, a repro step), since a correct fix without a way to verify it often gets shipped with lingering doubt.","The IRIS framework maps well to real review comments I've seen and written the clearest ones I've encountered almost always hit all four, while the weakest ones stop at Identification alone."
2026/08/27 11:19:23 PM GMT+8,Undergraduate or graduate student,United Arab Emirates,More than 5 years,C / C++;Python;Go;Rust;Shell,Yes,Male,Very important,The review comment should describe a scenario that potentially triggers the vulnerability.,Neutral,,Somewhat important,The review comment should specify what the possible effect is if the case is triggered / the vulnerability is exploited.,Neutral,The review comment should suggest an improvement to the code or solution that mitigates the vulnerability.,,
2026/08/28 12:57:09 PM GMT+8,Industry professional,India,More than 5 years,Python;Go,Yes,Male,Somewhat important,"Avoid panics, proper secret handling, no PII in logs and well defined behavior of the software in all cases.

Defining a failure matrix (what happens when a dependency is down or returns partial response etc) in design phase helps define the behavior in all cases and the implementer doesn't have to leave things loosely defined. A PR should have scenarios added to/defined in the failure matrix of the software.",Somewhat important,"Once I can reason about an issue, I can appreciate and apply the proper fix. This helps me grow my understanding for future as well.

If I can't grasp the reason for why a piece of code is not secure, I have no way to verify whatever I have done to fix it will work or not. Except when it is a well defined security issue (eg: xss etc) where prescribed fixes are available and I can do without going too much in depth (no need to reinvent the wheel if problem + solution are well established)",Neutral,"Once the reviewer has pointed out a potential problem, PR author is expected to read about it more and apply their own reasoning to access its impact, they can always question back if the original comment has left things unclear.

To me, pointing out a potential problem is good enough from reviewer side. The PR author has to do the legwork after that.",Somewhat unimportant,"Once the problem is Identified and pointers for a Reason are provided, I would consider a reviewers job as done!
Now PR author needs to understand what was highlighted and why before thinking about a fix.

The author is the best person to fix it since they are intimate with the code and aware of implications of any fix. Applying a fix proposed by reviewer may have hidden implications that PR author never thought about.",,Good luck with your research! Please share the outcome on pawanbishnoi@outlook.com once you publish it (if that's ok for you)
2026/08/28 12:57:45 PM GMT+8,Industry professional,Netherlands,More than 5 years,Rust,Yes,Female,Somewhat important,,Somewhat important,,Somewhat important,,Neutral,,,"It all depends on the assumed knowledge and context of the author. All four aspects are important to know, but in all cases where it wasn't explicitly communicated, it seems the reviewer simply (correctly?) assumed the author already knew that part. (E.g. knows the impact of not checking null, or knows the solution is to simply not log the env var. etc)"
2026/08/28 2:10:15 PM GMT+8,Industry professional,"United States, Menlo Park, California",3-5 years,Go;Rust,Yes,Male,Very important,"1- narrowing to the code statement/line and its behavior that might lead to the attack, without it, the user might left astray, not knowing what actually is the problem, and what to fix 

2- prescriptive identification often helps, rather than simply identifying an issue, prescription helps since it tells users with an actionable step

3- plain, & simple language",Very important,"- logically correct, & grounded in the potential security issue 
- if possible, include a simple example or even give a simple analogy  [ this helps users to understand even better ] ",Very important,"- how the impact directly relates to the code changes, & what attack vector are the changes opening 
- attack surface of the impact",Very important,"- how well it fixes the issue, and does not introduce a new issue 
- how well the proposed fix keeps the original code intent intact i.e. a solution changing the intended behavior of the code is not a solution ","Find what's the issue (Identification), explain why behind it (Reason), what wrong it will do (Impact), how to fix it (Solution), & ensuring this does not happen again or anywhere else in the codebase (future prevention) to be used in CI pipeline checks since most of the engineering orgs are using agentic checks for security issues. ","This is an interesting work that you've assembled, I'd love more material or individuals working on it. 

Thanks! "
2026/08/28 3:56:01 PM GMT+8,Freelance developer,Poland,More than 5 years,Python;Rust,Yes,Male,Somewhat important,,Somewhat important,,Neutral,,Neutral,,,
2026/08/28 4:19:28 PM GMT+8,Freelance developer,Germany,More than 5 years,Java;Python;Go;Clojure,Yes,Male,Neutral,"the degree of detail has to match the reviewers skill, if you *know* your close colleague will get it and you will review the fix again, there's less need for details",Neutral,"the degree of detail has to match the reviewers skill, if you *know* your close colleague will get it and you will review the fix again, there's less need for details",Neutral,"the degree of detail has to match the reviewers skill, if you *know* your close colleague will get it and you will review the fix again, there's less need for details",Somewhat important,"if you know a better approach and there's a chance the reviewer will not think of it, it is very helpful to provide it, while stating if it's just a general idea or that you are sure it is a working fix. this is more about saving everyone's time though, if you will review the next iteration anyway","scope: one aspect per comment/thread if possible, don't get into a huge redesign discussion about all the surrounding code if it's not directly relevant to the security problem at hand","for security comments more than other comments, it is a good idea to have the original reviewer review the next iteration as well, to make sure the core original problem was solved and did not get lost in communication"
2026/08/29 12:44:36 AM GMT+8,Industry professional,Canada,More than 5 years,Python;C#,Yes,Male,Somewhat important,Link to known issue and way to evaluate severity,Neutral,"Reason is subjective, example 1 is very strong but every use case will not have a strong reason",Somewhat important,"Impact should flag high risk items such as Dos, injection",Somewhat important,Solution is great for simple issues. e.g. replace ++ with Interlocked.Increment,"No need for more aspects, having clear identification reason, impact and solution is sufficient",Great questionnaire - would be interested to learn more about the research area
2026/08/29 1:58:45 AM GMT+8,Industry professional,Taiwan,3-5 years,"Python;Go;JavaScript, TypeScript",Yes,Male,Somewhat important,,Very important,,Somewhat important,,Somewhat unimportant,,,
2026/08/29 6:37:37 AM GMT+8,Industry professional,Canada,3-5 years,C / C++;Java;Python;Go,Yes,Male,Very important,"Some off the bench ways are looking at deployed previews, and having standard test cases.",Very important,I like having a reason mostly for future reference.,Somewhat important,"While the impact is important, I always take all sorts of security code reviews seriously.",Very important,"Solution is really important here. A simple patch might last to an extend, but a permanent solution would survive future iterations.",I think those are the main ones.,
2026/08/29 10:01:38 AM GMT+8,Industry professional,United States,More than 5 years,C / C++;Python;Rust;Nix,Yes,Female,Very important,States what the problem is and how it can be triggered.,Very important,It needs to be useful to maintainers and as specific as reasonably feasible.,Very important,The impact should state what will happen if the comment is not addressed.,Somewhat important,"The solution should be present if it is helpful and does not take too much effort to create.  Sometimes, it will take too much time to write.",,
2026/08/29 6:22:14 PM GMT+8,Undergraduate or graduate student,India,1-3 years,Python;Go;Rust;JavaScript/TypeScript,Yes,Male,Very important,a reviewer who cant name the exact line and the exact problem gives the author nothing to act on,Very important,"without the why, the author might fix the symptom and leave the root cause. a good reason explains the conditions that make the code dangerous, and not just that it is",Very important,"if the comment doesnt say what breaks, the author has to guess how serious it is. name the real consequence: crash, data loss, account takeover. vague warnings get ignored. only the concrete ones get fixed",Very important,"a comment that names the problem but not the fix leaves the author to figure it out by themselves. the best solutions give concrete steps or code. at a minimum, point to the right API, pattern or approach. the easier it is to act on, the faster it gets fixed","tone matters. a comment that is technically correct but aggressive generally makes authors defensive. they stop listening to the content. a good review comment is direct without being hostile

severity matters too. not every issue is equally bad. a comment that says ""this is critical, fix before merge"" vs ""minor, consider fixing later"" helps the author prioritize efficiently","in my opinion, ai generated code is making this harder. the code looks clean, passes lint and all ci checks, but the threat model is wrong in ways that only show up in production. reviewers need to get better at catching logic flaws and not just style issues. tools handle the surface stuff anyway. this kind of research is what actually moves the needle on the deeper problems"
2026/08/29 6:25:28 PM GMT+8,Freelance developer,Mainland China,More than 5 years,Python;Go;Rust,Yes,Male,Very important,the code path that trigger the vuln. which input is controlled by attacker to what extent,Somewhat important,accurate root cause,Very important,impact what system/configuration to what extent,Somewhat unimportant,"most security researcher lacks software engineering skills, or the proposed solution may not be the ""right"" solution for project maintainer","The trajectory of finding the vuln. Reporter's view of the system's attack surface. What methodology did the reporter used (code review, fuzzing, etc.). How much effort. How much cost to carry the attack.",Your email went to Gmail Spam folder directly. Apparently you failed to reach a large part of your target audience.
2026/08/29 6:30:09 PM GMT+8,Industry professional,Poland,More than 5 years,Python;Bash,Yes,Prefer not to say,Very important,A frontier model reliably understands it.,Somewhat important,Human who knows the codebase can quickly understand it.,Somewhat important,It correctly specifies the confidence.,Somewhat unimportant,Does not mislead the one who addresses it (especially an LLM).,"Latency, specifically to identification and to impact.",I was also born in a commie hellhole. I outlived it. I wish you the same.
2026/08/29 7:25:13 PM GMT+8,Undergraduate or graduate student,Russia,More than 5 years,C / C++;Python;Rust,Yes,Female,Somewhat important,Listed condition under which a security issue can arise and the scope of the impact,Very important,"If I knew the information presented in the comment before writing the code, would I be able to avoid the mistake, both in this specific situation and similar others? If yes, that's a good reason and a good learning opportunity; if the experience doesn't translate and I'll need to be told that again when I submit another PR, that's a bad reason.",Very important,"Same as reason, the point of submitting a review comment instead of fixing the issue yourself is to teach the contributor about a pitfall so that they can avoid it. Impact is demonstrated by an example attack, or at least by its consequences, otherwise it's impossible to differentiate a bugfix from a security fix",Neutral,"How much freedom it leaves the contributor with. A bad ""solution"" characteristic would be leaving the contributor thinking about the issue full by themself; a good one would describe the correct fix at least in prose. Generally speaking, the more research you're forced to do before deciding that a solution is sufficient, the worse.","I think the social aspect is underappreciated. The four characteristics cover why the code is broken and how to make it not so, but not why the contributor should care about that. For all they know, they're just solving their own tiny problem, and the overall security impact is not within their grasp. A good SCRC presents an example case where the security impact is visibly linked to real-world consequences, so that someone who's an outsider to the security industry can still recognize the issue, e.g. not just ""this can leak secrets in logs"" but also ""imagine a user uploads the logs/sends them to a friend for debugging"", not just ""this is a DoS opportunity"" but also ""we don't want someone who finds this to bring down the entire network"", not just ""this is UB"" but ""we don't want to keep a latent possible security issue that we won't even remember about when we update the compiler"".",
2026/08/29 8:31:24 PM GMT+8,Industry professional,United States ,More than 5 years,C / C++;Java;Python;Rust;Ruby,Yes,Male,Very important,Any logging should only contain minimal details as to what type of security is used and any information about the request. If it has more it very likely leaks information that should be kept private.,Very important,Without a reason behind the advice it may as well not be given. ,Very important,"While the advice given is of some value, it doesn't go into enough detail as to why. It is valuable to provide a concrete reason why it may be an issue.",Very important,Proposing a solution indicates that you understand why it may be an issue. If your suggested solution is without comments or maybe is incomplete it doesn't provide significant actionable value. ,"If it is not of a high actionable value it may as well not be flagged as a potential issue. In many cases these days, we don't see enough real reviews as most people don't quite understand them fully themselves.",
2026/08/29 9:26:12 PM GMT+8,Undergraduate or graduate student,China Mainland,1-3 years,C / C++;Java;Go,Yes,Female,Somewhat important,"我就直接用中文回答吧（）
指出安全问题所在的代码块，最好能精确到具体语句或者某几行，会是一个更好的选择。
例如 Example 2 里面的「可能导致攻击」，没指定是什么样子的攻击，会被怎么利用",Very important,我觉得每个人有自己的代码习惯。如果直接被别人以不太适应的那种代码习惯指出来问题的话，习惯了某种写法的人可能会不知所措。所以我觉得写出理由以及「为什么这么写」的原理会是一个很好的习惯,Somewhat important,如果评论本身能在我静态读代码的时候就指出来这段代码在跑的时候能被什么样子的边界条件而触发问题，不需要我去再跑一遍，那么就是好的评论。,Neutral,"可能会有多种解决方案，因此我选择一般重要。
解决方法可能不止一个，而在代码评论里如果明确地指出「嘿你要这么做」有可能会提高维护者的...压力？",,
2026/08/29 9:41:50 PM GMT+8,Industry professional,United States,More than 5 years,"C / C++;Python;Rust;Javascript, Elixir",Yes,Male,Very important,The specific technical mechanism and ideally a brief example of the kind of attack or exposure risk it is vulnerable to.,Somewhat important,"Does the comment explain why the risk exists to a level of detail that is justified by how common or tricky the issue is, and does it suggest a path the review traced to confirm the vulnerability. A very common issue like memory leak in a C program doesn't need a lot of description of this general class of vulnerability, but it should identify the resource owner and where cleanup responsibility resides according to the project conventions and functional requirements. ",Very important,"Is the impact described in terms that are known well enough to understand the severity of the issue. In this domain DOS is well enough known to stand on its own, not necessarily every issue could be described so succinctly.",Neutral,"Accuracy and confidence level. If the problem and solution are well understood, short and conventional the suggestion will speed things along. But there is a risk if the reviewer has not analyzed as carefully as the developer should, that the developer just takes their advice and runs with it.","Honestly its hard to clearly separate all these components as it is. There is another component, maybe consider it as relevance and presentation style - comments should be confined to the technical issue at hand and avoid any connotation of condescension or personal criticism. ",Please let me know when your paper is available.
2026/08/29 9:53:16 PM GMT+8,Industry professional,Portugal,1-3 years,C / C++;Python;C#;PHP,Yes,Male,Very important,"It's important to give out as much information as possible when submitting a review comment, so that that a developer is able to have as much information as possible to patch their code. Comment B would be the same as ""Gives output, possible incompatibility with Terminal"", which tells a developer nothing.",Somewhat important,"The comment explaining would usually be enough, as long as it does what comment A does.",Somewhat important,,Very important,"A solution for a code review is always important, as it saves the developer time. If a solution is not provided, while the comment may be valid, how do you actually know it's happening w/o taking the time to debug and fix it?",I don't think so.,"Interesting way to reach out. Even though your email landed on spam, I still took some time to fill out your survey :)"
2026/08/29 10:00:28 PM GMT+8,Industry professional,Turkey,More than 5 years,C / C++;Python;JS/TS,Yes,Male,Very important,"For an open source project, it should be adequate as a standalone reference material for future similar issues. On example 1, someone new to the codebase can see the issue and know what not to do and why. On example 2, the reviewer and the author knows what the problem is, but an outside party who may draft a new PR in the future does not and might repeat the same mistake. ",Very important,"Mechanics of an attack should be clear to the extent that an attack can be easily replicated on the problematic code to confirm it is real. Example 1 clearly indicates a TOCTOU issue and it would be trivial to draft an exploit and confirm the problem, example 2 tells a memory leak but as an outsider gives me no clue how and why and would require additional communication or research to draft a working POC",Somewhat important,"The comment and the code together should be adequate to fit it into a cvss category without additional context. Frankly, both examples do well here.",Somewhat unimportant,"World is filled with red teamers who know how to break stuff but clueless how to fix them. It's a nice-to-have if there is a solution included, but in certain situations no solution suggestion might be better, specifically if there is a single reviewer and author will blindly add the suggested solution without reviewing it because it bypasses the four eyes principle. ",,
2026/08/29 11:09:09 PM GMT+8,Undergraduate or graduate student,India,Less than 1 year,Python,Yes,Female,Very important,,Somewhat important,,Somewhat important,,Very important,,,
2026/08/30 12:25:01 AM GMT+8,Freelance developer,Japan,More than 5 years,Java;Typescript,Yes,Male,Somewhat important,,Neutral,,Very unimportant,,Very unimportant,,,
2026/08/30 12:34:37 AM GMT+8,Industry professional,China,More than 5 years,Java;Python;Go,Yes,Male,Very important,"There are no fixed formal criteria for SCRC identification. In practice, we primarily use Claude Code for code review. Key indicators include whether the comment focuses on security risks, locates specific code issues, addresses root security causes, and provides actionable fixes. Human verification is still needed to filter AI false positives.",Very important,"There are no fixed formal criteria for evaluating the Reason of a SCRC. A typical example is multi‑threaded loops, where actual execution order differs from written code order, such as execution sequence in NodeJS asynchronous code blocks. Key indicators include whether the reason accurately explains the underlying logic behind the security risk, correctly reflects runtime behaviour, matches the observed vulnerability, and clearly illustrates why the issue introduces security exposure.",Very important,,Very important,,,
2026/08/30 3:44:19 PM GMT+8,Industry professional,Pakistan,3-5 years,"Python;Go;Javascript, Typescript",Yes,Male,Very important,"names the exact vulnerable code element, states the triggering condition, names the vulnerability mechanism, explains the casula link",Somewhat important,"explain the mechanism, connects code behaviour to the vulnerability, use correct reasoning, dustinguish symptoms from cause",Somewhat unimportant,"states teh concrete consequence, identifies what is affected who is affected, explains the attacker's angle where relevant, reflects appropriate severity, helps prioritize fix",Somewhat important,"concrete and actionable, correctness, fits the context, verifiable",,
2026/08/30 8:56:01 PM GMT+8,Freelance developer,"China, Jilin Province, Changchun",1-3 years,Java;Python;PHP,Yes,Male,Very important,"The comment should clearly state the reproduction steps of the vulnerability, mark the exact line‑number of problematic code, and explicitly describe what security flaw exists.
",Very important,"The reason part should explain the root‑cause of the vulnerability, and clarify which code modules may be affected after applying the fix.
A high‑quality reason explanation should uncover the fundamental root cause behind the vulnerability, rather than only describing the surface‑level phenomenon.
It needs to clarify which part of server‑side logic is defective, such as weak authentication, insufficient session binding or loose behaviour verification.
In addition, the comment should mention which modules or functions may be impacted after applying a security fix, so developers can anticipate potential side‑effects.
",Very important,"The impact description should clarify what resources could be abused, the severity level of risk, and the potential losses caused by the vulnerability.
Developers can determine the priority of bug fixes according to its consequences.
",Somewhat important,"A qualified solution should provide at least one concrete, actionable fix.
It should specify the exact changes for target code lines, rather than vague suggestions.
The reviewer also needs to consider whether this modification would introduce new security‑related risks.
","Yes. Reproduction steps and regression‑testing tips are also important.
A high‑quality security comment should provide clear steps to reproduce the vulnerability.
Besides, it is necessary to remind developers to perform regression tests after fixing, to make sure the same security flaw will not appear again.
","Business‑logic vulnerabilities such as reusable anonymous session tokens deserve more attention during security review.
"
2026/08/31 12:11:51 AM GMT+8,Industry professional,China Mainland,More than 5 years,C / C++;Go;Rust,Yes,Male,Very important,,Neutral,,Very important,,Somewhat important,,Reproducibility,
